questions,answers
?,asiatisch
?,deep
?,fairness
?,eda
?,akw
?,acts
?,harlekin
?,non
?,hz
?,na
?,strange
?,rohr
?,zna
?,nebenan
?,tagen
?,sr
?,besan
?,aktie
?,snare
?,so
?,irl
?,diven
G.O.A.T,Faker
?,Annie
?,Ashe
?,Fiddlesticks
?,Jax
?,Kayle
?,Morgana
?,Nunu
?,Ryze
?,Sion
?,Sivir
?,Soraka
?,Teemo
?,Tristana
?,Warwick
?,Singed
?,Zilean
?,Evelynn
?,Tryndamere
?,Twitch
?,Karthus
?,Amumu
?,Anivia
?,Rammus
?,Veigar
?,Kassadin
?,Gangplank
?,Taric
?,Blitzcrank
?,DrMundo
?,Janna
?,Malphite
?,Corki
?,Katarina
?,Nasus
?,Heimerdinger
?,Shaco
?,Udyr
?,Nidalee
?,Poppy
?,Gragas
?,Pantheon
?,Mordekaiser
?,Ezreal
?,Shen
?,Kennen
?,Garen
?,Akali
?,Malzahar
?,Olaf
?,XinZhao
?,Vladimir
?,Galio
?,Urgot
?,Sona
?,Swain
?,Lux
?,LeBlanc
?,Irelia
?,Trundle
?,Cassiopeia
?,Caitlyn
?,Renekton
?,Karma
?,Maokai
?,JarvanIV
?,Nocturne
?,LeeSin
?,Brand
?,Rumble
?,Vayne
?,Orianna
?,Yorick
?,Leona
?,Wukong
?,Skarner
?,Talon
?,Riven
?,Xerath
?,Graves
?,Shyvana
?,Fizz
?,Volibear
?,Ahri
?,Viktor
?,Sejuani
?,Ziggs
?,Nautilus
?,Fiora
?,Lulu
?,Hecarim
?,Varus
?,Darius
?,Draven
?,Jayce
?,Zyra
?,Diana
?,Rengar
?,Syndra
?,Elise
?,Zed
?,Nami
?,Vi
?,Thresh
?,Quinn
?,Zac
?,Lissandra
?,Aatrox
?,Lucian
?,Jinx
?,Yasuo
?,Braum
?,Gnar
?,Azir
?,Kalista
?,RekSai
?,Bard
?,Ekko
?,TahmKench
?,Kindred
?,Illaoi
?,Jhin
?,AurelionSol
?,Taliyah
?,Kled
?,Ivern
?,Camille
?,Rakan
?,Xayah
?,Kayn
?,Ornn
?,Zoe
?,Pyke
?,Neeko
?,Sylas
?,Yuumi
?,Qiyana
?,Senna
?,Aphelios
?,Sett
?,Lillia
?,Yone
?,Samira
?,Seraphine
?,Rell
?,Viego
?,Gwen
?,Akshan
?,Vex
?,Zeri
?,RenataGlasc
?,vNilah
?,Milio
?,Naafiri
?,Briar
?,Hwei
?,Smolder
?,Aurora
?,Ambessa
?,Mel
Western GOAT,Caps
Startitem Hersteller t1 toplaner,Doran
Larinae,Moewe
Master..,Yi
...sin,Lee
Wie viele Drachenarten,Fuenf
Türme pro team,elf
Backdoor,xPeke
Zilean the,Chronokeeper
Yone the,Unforgotten
Höchste base armor,Alistar
Religion von Illaoi,Nagakabouros
Währung um Champions zu kaufen(krzw.),BE
Frühere Währung in League (krzw.),IP
Echtgeld Währung (krzw.),RP
Bester Streamer,MasuroMain
Physischer Schaden (krzw.),AD
Magischer Schaden (krzw.),AP
physischer und magischer Schaden,Hybrid
?,Swing
?,amd
?,intel
?,hyperx
?,Sound
?,Level
?,Boss
?,Quest
?,Skill
?,Charakter
?,Multiplayer
?,Singleplayer
?,Coop
?,PvP
?,PvE
?,Loot
?,Drop
?,Farmen
?,Grinden
?,Speedrun
?,Hardcore
?,Casual
?,Ranked
?,Leaderboard
?,Patch
?,Update
?,DLC
?,Mod
?,Cheat
?,Bug
?,Glitch
?,Spawn
?,Respawn
?,HP
?,Mana
?,XP
?,NPC
?,Mob
?,Aggro
?,Dungeon
?,Raid
?,Guild
?,Clan
?,Team
?,Strategie
?,tactic
?,pokecomp
?,Taktik
?,Build
?,Meta
?,Nerf
?,Buff
?,Op
?,Balance
?,Sandbox
?,Openworld
?,RPG
?,FPS
?,RTS
?,MMO
?,MOBA
?,BattleRoyale
?,Survival
?,Horror
?,Stealth
?,Puzzle
?,Simulator
?,VR
?,AR
?,ass
?,Esports
?,Streamer
?,Youtuber
?,Profi
?,Noob
?,Scrub
?,Toxic
?,Report
?,Ban
?,Mute
?,Freundeliste
?,Achievements
?,Trophy
?,Save
?,Plus
?,Random
?,Permadeath
?,Easteregg
?,Lore
?,Cutscene
?,Emote
?,Skin
?,Cosmetic
?,Emblem
?,Banner
?,Ping
?,Lag
?,RNG
?,Dropchance
?,Crafting
?,Ressourcen
?,Base
?,Inventar
?,Hotbar
?,Event
?,Hitbox
?,Hurtbox
?,Collision
?,Spielfigur
?,Gegner
?,Endgegner
?,Finalboss
?,Secret
?,MiniBoss
?,Raidboss
?,Dungeonboss
?,Questgeber
?,Skilltree
?,Talent
?,Waffe
?,Ruestung
?,Ausruestung
?,Gegenstand
?,Verbrauchsmaterial
?,Heiltrank
?,Manatrank
?,Debuff
?,Cleansen
?,Crowdcontrol
?,Stun
?,Slow
?,Root
?,Silence
?,Fear
?,Charm
?,Taunt
?,lautsprecher
?,mikrofon
?,webcam
?,grafikkarte
?,prozessor
?,ram
?,festplatte
?,ssd
?,netzteil
?,gehaeuse
?,kuehlung
?,luefter
?,mainboard
?,betriebssystem
?,treiber
?,spielesammlung
?,steam
?,epicgames
?,origin
?,uplay
?,gog
?,playstation
?,xbox
?,nintendo
?,switch
?,pc
?,handy
?,tablet
?,vrbrille
?,joystick
?,racingwheel
?,gamepad
?,mauspad
?,schreibtisch
?,gamingstuhl
?,internet
?,wlan
?,lan
?,router
?,latenz
?,server
?,tps
?,simulation
?,adventure
?,sport
?,rennspiel
?,flugsimulator
?,shooter
?,battlearena
?,battlefield
?,callofduty
?,fortnite
?,minecraft
?,amongus
?,leagueoflegends
?,dota
?,counterstrike
?,overwatch
?,valorant
?,apexlegends
?,pubg
?,warzone
?,destiny
?,worldofwarcraft
?,finalfantasy
?,eldenring
?,dark
?,ps
?,psp
?,ds
?,dk
?,gameboy
?,NES
?,SNES
?,traenen
?,ui
?,ai
?,mp
?,os
?,streaming
?,youtube
?,hotkey
?,minimap
?,hud
?,inventory
?,speedrunner
?,emulator
?,rom
?,expansion
?,seasonpass
?,skins
?,cosmetics
?,achievement
?,elo
?,matchmaking
?,proplayer
?,endgame
?,metagame
?,speedrunning
?,randomizer
?,roguelike
?,soulslike
?,indiegame
?,earlyaccess
?,beta
?,alpha
?,demo
?,gameplay
?,mechanics
?,physics
?,fov
?,vsync
?,dlss
?,texture
?,polygon
?,shader
?,lighting
?,particle
?,rigging
?,voicechat
?,discord
?,teamspeak
?,stuttering
?,optimization
?,benchmark
?,overclocking
?,undervolting
?,temperatur
?,leistung
?,fanspeed
?,rgb
?,customloop
?,wasserkuehlung
?,bios
?,uefi
?,firmware
?,driver
?,kompatibilitaet
?,hotfix
?,konsole
?,spieler
?,spielwelt
?,item
?,powerup
?,bossfight
?,perk
?,mission
?,mmorpg
?,keyboard
?,mouse
?,aimbot
?,engine
?,devkit
?,avatar
?,checkpoint
?,autosave
?,highscore
?,badge
?,grind
?,farm
?,levelup
?,rank
?,lobby
?,textchat
?,battlepass
?,gamer
?,stream
?,walkthrough
?,guide
?,tutorial
?,bossgegner
?,schwertkampf
?,armor
?,damage
?,support
?,tank
?,healer
?,combo
?,cooldown
?,aoe
?,status
?,health
?,map
?,questlog
?,dialog
?,endboss
?,arena
?,friendlyfire
?,release
?,launch
?,preorder
?,review
?,rating
?,metacritic
?,publisher
?,entwickler
?,gamedev
?,gamedevs
?,mainquest
?,mainquests
?,sidequest
?,sidequests
?,challenge
?,challenges
?,soundtrack
?,soundtracks
?,score
?,scores
?,voiceover
?,protagonist
?,antagonist
?,dialogbaum
?,choices
?,choice
?,moral
?,sandboxmodus
?,creative
?,haendler
?,bauplan
?,materialien
?,material
?,upgrades
?,upgrade
?,skillsystem
?,skillbaum
?,skilled
?,skiller
?,talentbaum
?,waffenmod
?,waffenmods
?,mods
?,helm
?,helme
?,brustpanzer
?,stiefel
?,handschuhe
?,runen
?,rune
?,zauber
?,zauberei
?,trank
?,traenke
?,gift
?,gifte
?,falle
?,fallen
?,takik
?,takiken
?,loadout
?,loadouts
?,teamplay
?,teamplayer
?,training
?,turnier
?,replay
?,replays
?,highlight
?,highlights
?,screenshot
?,screenshots
?,recording
?,interface
?,interfaces
?,taste
?,shortcut
?,shortcuts
?,macro
?,macros
?,modding
?,community
?,gilde
?,eventboss
?,lootbox
?,lootboxen
?,lootboxes
?,coin
?,coins
?,diamanten
?,premium
?,skinshop
?,erfolge
?,erfolg
?,daily
?,prestige
?,ranking
?,rang
?,profil
?,profile
?,profiles
?,freunde
?,freund
?,freundesliste
?,spray
?,graffiti
?,plattformer
?,bossrush
?,zeitmodus
?,geheimraum
?,freischaltung
?,belohnung
?,minigame
?,spielmodus
?,arcade
?,retro
?,pixelart
?,konfiguration
?,optionen
?,invertiert
?,zielhilfe
?,huepfspiel
?,kampfspiel
?,flugsim
?,aufbau
?,tycoon
?,strategiegame
?,kartenspiel
?,deckbuilder
?,taktikspiel
?,defense
?,towerdefense
?,survivalgame
?,horrospiel
?,thriller
?,visualnovel
?,spielzeit
?,spielstand
?,backup
?,cloudsave
?,plattform
?,epicstore
?,settings
?,aufloesung
?,grafiklevel
?,optimierung
?,foren
?,exploit
?,cheatcode
?,debug
?,ii
?,xi
?,mm
?,iv
?,xv
?,patchnotes
?,balanced
?,patchday
?,wartung
?,downtime
?,serverstatus
?,queue
?,warteschlange
?,faq
?,spielmechanik
?,reaktionszeit
?,resync
?,gamestate
?,netzwerkfehler
?,kick
?,bann
?,fairplay
?,spielersuche
?,gruppe
?,squad
?,teamleader
?,readycheck
?,gameinvite
?,multigame
?,session
?,reconnect
?,regionwahl
?,crossplay
?,spielbericht
?,matchdetails
?,spielverlauf
?,statistikseite
?,matchhistory
?,heatmap
?,ranglistenpunkte
?,belohnungssystem
?,saison
?,saisonende
?,saisonstart
?,reset
?,punkteverfall
?,liga
?,division
?,wertungsspiel
?,mmr
?,matchverlauf
?,performance
?,analytik
?,gameanalyse
?,reviewtool
?,replaysystem
?,slowmotion
?,cammod
?,freiekamera
?,zuschauermodus
?,livestream
?,watchparty
?,casting
?,kommentator
?,turnierbaum
?,gruppenphase
?,finale
?,preisgeld
?,creator
?,video
?,playlist
?,abonnent
?,abo
?,like
?,dislike
?,kommentar
?,upload
?,thumbnail
?,titelbild
?,beschreibung
?,tags
?,content
?,shorts
?,chat
?,superchat
?,streamlabs
?,donation
?,mitgliedschaft
?,monetarisierung
?,werbung
?,anzeige
?,sponsor
?,sponsoring
?,produktplatzierung
?,pp
?,affiliate
?,analytics
?,reichweite
?,klickrate
?,algorithmus
?,empfehlung
?,trend
?,trending
?,startseite
?,watchtime
?,klicks
?,interaktion
?,reaction
?,vlog
?,vergleich
?,unboxing
?,clutch
?,cut
?,schnitt
?,editing
?,bearbeitung
?,schnittprogramm
?,aufnahme
?,kamera
?,auflosung
?,hd
?,fullhd
?,rendern
?,uploadrate
?,uploadzeit
?,veroeffentlichung
?,zeitplan
?,videoideen
?,skript
?,moderation
?,intro
?,outro
?,musik
?,soundeffekt
?,collab
?,gast
?,meinungsvideo
?,storytime
?,trendvideo
?,clickbait
?,titelstrategie
?,suchbegriff
?,youtubeapp
?,abonnieren
?,glocke
?,benachrichtigung
?,creativemodus
?,survivalmodus
?,redstone
?,piston
?,komparator
?,repeater
?,hebel
?,druckplatte
?,schalter
?,fackel
?,redstonelampe
?,block
?,bauwerk
?,burg
?,festung
?,mine
?,mining
?,pickaxe
?,schaufel
?,axt
?,werkbank
?,ofen
?,amboss
?,verzauberung
?,verzauberungstisch
?,truhe
?,doppelkiste
?,itemrahmen
?,schild
?,karte
?,kompass
?,uhr
?,nahrung
?,brot
?,apfel
?,goldapfel
?,karotte
?,kartoffel
?,kuchen
?,schaf
?,huhn
?,schwein
?,pferd
?,reittier
?,zombie
?,skelett
?,creeper
?,spinne
?,enderman
?,hexer
?,witch
?,blaze
?,ghast
?,nether
?,netherrack
?,seelensand
?,quarz
?,enderperle
?,endertruhe
?,endportal
?,end
?,drachenkampf
?,drachenatem
?,drachenkopf
?,elytra
?,fliegen
?,rakete
?,feuerwerksrakete
?,bauernhof
?,automatisierung
?,tuerme
?,bruecke
?,lager
?,vorratsraum
?,geheimgang
?,geheimtuer
?,versteck
?,falltuer
?,leiter
?,wasser
?,lava
?,eimer
?,eis
?,schnee
?,biom
?,wueste
?,dschungel
?,taiga
?,gebirge
?,hoehle
?,abenteuer
?,commandblock
?,plugin
?,modpack
?,texturepack
?,shaderpack
?,cape
?,realms
?,sims4
?,sim
?,haushalt
?,baumodus
?,kaufmodus
?,lebensziel
?,bestreben
?,merkmale
?,emotionen
?,beduerfnisse
?,hunger
?,energie
?,hygiene
?,spaß
?,sozial
?,blase
?,karriere
?,beruf
?,job
?,befoerderung
?,gehalt
?,schulnoten
?,schueler
?,schule
?,universitaet
?,stipendium
?,semester
?,studium
?,studentenwohnheim
?,geld
?,simoleon
?,kaching
?,freischalten
?,objekte
?,moebel
?,stuhl
?,bett
?,sofa
?,herd
?,spuele
?,fernseher
?,computer
?,teamfight
?,malerei
?,staffelei
?,klavier
?,gitarre
?,geige
?,hobby
?,interesse
?,beziehung
?,freundschaft
?,romantik
?,verknallt
?,verliebt
?,heiraten
?,hochzeit
?,baby
?,kind
?,teenager
?,erwachsener
?,rentner
?,familie
?,adoption
?,schwangerschaft
?,geburt
?,tod
?,geist
?,friedhof
?,trauer
?,urne
?,grabstein
?,hausbauen
?,garten
?,pflanzen
?,blumen
?,pflanzenpflege
?,gaertner
?,haustier
?,tierarzt
?,tierklinik
?,tierpflege
?,nachbarschaft
?,stadt
?,welt
?,reisen
?,urlaub
?,ferienhaus
?,zelt
?,lagerfeuer
?,camping
?,lampe
?,heft
?,papier
?,bildschirm
?,fenster
?,tuer
?,kissen
?,decke
?,schrank
?,spiegel
?,wand
?,boden
?,deckeoben
?,telefon
?,brille
?,jacke
?,hose
?,hemd
?,socke
?,schuh
?,mensch
?,frau
?,mann
?,oma
?,opa
?,freundin
?,essen
?,trinken
?,banane
?,milch
?,einkauf
?,bank
?,zahl
?,farbe
?,rot
?,blau
?,gelb
?,gruen
?,schwarz
?,weiss
?,grau
?,tag
?,nacht
?,morgen
?,abend
?,woche
?,zeit
?,sekunde
?,minute
?,stunde
?,reise
?,weg
?,schiff
?,rad
?,spiel
?,film
?,bild
?,frage
?,antwort
?,idee
?,traum
?,gedanke
?,glueck
?,summonersrift
?,toplane
?,midlane
?,botlane
?,jungle
?,laner
?,lane
?,lanes
?,jungler
?,gank
?,countergank
?,ward
?,pinkward
?,sweeper
?,totem
?,vision
?,control
?,stuns
?,spells
?,cooldowns
?,river
?,bush
?,tribrush
?,pixelbush
?,bushes
?,fog
?,tower
?,towers
?,turret
?,turrets
?,inhibitor
?,inhibitors
?,nexus
?,minion
?,minions
?,cannonminion
?,cannonminions
?,superminion
?,superminions
?,waveclear
?,push
?,roam
?,roams
?,rotate
?,priority
?,prio
?,freeze
?,slowpush
?,fastpush
?,ngo
?,mulmig
?,thermo
?,alk
?,los
?,asen
?,essay
?,hl
?,recall
?,teleport
?,teleports
?,flash
?,summonerspell
?,summonerspells
?,ignite
?,heal
?,barrier
?,exhaust
?,ghost
?,cleanse
?,smite
?,redsmite
?,objective
?,objectives
?,baron
?,barons
?,drake
?,drakes
?,dragon
?,dragons
?,elderdragon
?,rift
?,herald
?,scuttle
?,scuttles
?,grubs
?,grubbys
?,voidgrubs
?,voidgrub
?,Atakhan
?,rose
?,roses
?,pedal
?,pedals
?,redbuff
?,redbuffs
?,bluebuff
?,bluebuffs
?,camp
?,camps
?,krugs
?,krug
?,raptors
?,raptor
?,wolves
?,wolve
?,gromp
?,gromps
?,leash
?,invade
?,invader
?,dive
?,dives
?,outplay
?,outplays
?,oneshot
?,oneshots
?,burst
?,poke
?,allin
?,cc
?,ccs
?,snares
?,knockup
?,knockups
?,disengage
?,disengages
?,engage
?,engages
?,teamfights
?,skrimish
?,skirmishes
?,splitpush
?,splitpusher
?,macroplay
?,macroplays
?,microplay
?,microplays
?,shutdown
?,shutdowns
?,bounty
?,bountys
?,gold
?,kill
?,kills
?,death
?,deaths
?,assist
?,assists
?,kda
?,kd
?,cs
?,powerspike
?,powerspikes
?,siege
?,runeterra
?,continent
?,demacia
?,demacien
?,noxus
?,noxian
?,ionia
?,Vastaya
?,Vastayas
?,piltover
?,renni
?,salo
?,shoola
?,zaun
?,zaunite
?,targon
?,mount
?,shurima
?,freljord
?,demigods
?,demigod
?,bilgewasser
?,bilgewater
?,bandlecity
?,shadowisles
?,void
?,leere
?,champion
?,aspect
?,aspects
?,magie
?,magier
?,rifle
?,witches
?,magic
?,hextech
?,artefakt
?,runenmagie
?,runenstein
?,region
?,konflikt
?,konflikte
?,krieg
?,krieger
?,wars
?,geschichte
?,legende
?,prophezeiung
?,held
?,heldin
?,helden
?,heldinnen
?,boesewicht
?,boesewichte
?,klinge
?,klingen
?,bogen
?,boegen
?,speer
?,assassine
?,schuetze
?,kaiserin
?,koenig
?,koenigin
?,hohepriester
?,drache
?,goettin
?,geister
?,daemon
?,ahne
?,vater
?,mutter
?,verrat
?,treue
?,ehre
?,blutlinie
?,schicksal
?,pakt
?,fluch
?,segen
?,ritual
?,opfer
?,tempel
?,schrein
?,monolith
?,portal
?,zwischenwelt
?,albtraum
?,macht
?,wissen
?,geheimnis
?,entdeckung
?,artefakte
?,relikt
?,stern
?,mond
?,sonne
?,berg
?,berge
?,tiefen
?,meer
?,insel
?,inseln
?,dorf
?,doerfer
?,grenze
?,grenzen
?,ordnung
?,chaos
?,abgrund
?,ursprung
?,legenden
?,chronik
?,schriftrolle
?,bibliothek
?,zerstoerung
?,Camavoran
?,riotgames
?,agent
?,ability
?,abilities
?,ult
?,orbs
?,spike
?,low
?,defuse
?,plant
?,ace
?,dm
?,unrated
?,competitive
?,immortal
?,radiant
?,iron
?,bronze
?,silber
?,platin
?,diamond
?,ascendant
?,peek
?,crosshair
?,headshot
?,bodyshot
?,legshot
?,recoil
?,tapping
?,flick
?,flicking
?,flickaim
?,tracking
?,preaim
?,prefire
?,angles
?,rotating
?,lurking
?,smokes
?,molly
?,revive
?,recon
?,wallbang
?,vandal
?,phantom
?,operator
?,judge
?,bucky
?,classic
valorant waffe + caitlyn titel,sheriff
?,stinger
?,spectre
?,ares
?,odin
?,bulldog
?,guardian
?,marshal
?,shorty
?,frenzy
?,knife
?,vp
?,kingdom
?,ascent
?,bind
?,haven
?,split
?,icebox
?,breeze
?,fracture
?,pearl
?,lotus
?,sunset
?,mid
?,site
?,default
?,execute
?,retake
?,eco
?,halfbuy
?,fullbuy
?,pistol
?,overtime
?,surrend
?,remake
?,afk
?,comms
?,teamvoice
?,party
?,jett
?,phoenix
?,sage
?,sova
?,brimstone
?,cypher
?,raze
?,breach
?,omen
?,killjoy
?,reyna
?,skye
?,astra
?,yoru
?,neon
?,chamber
?,fade
?,harbor
?,kayo
?,gunslinger
?,weapon
?,gun
?,assault
?,melee
?,bomb
?,defuser
?,smoke
?,grenade
?,ultimate
?,reload
?,aim
?,scope
?,buyphase
?,round
?,entry
?,lurker
?,smoker
?,flashbang
?,utility
?,cover
?,peak
?,heavy
?,movement
?,footsteps
?,trade
?,defending
?,attacking
?,sitea
?,siteb
?,plantspot
?,defusespot
?,communication
?,callout
?,trap
?,wall
?,dash
?,blink
?,shield
?,scan
?,slowfield
?,poison
?,decoy
?,blast
?,explosion
?,smokescreen
?,invisibility
?,cloak
?,reveal
?,radar
?,trapwire
?,pulse
?,shard
?,sigil
?,orb
?,nova
?,charge
?,cast
?,deploy
?,throw
?,summon
?,detonate
?,mark
?,spot
?,healzone
?,boost
?,sentry
?,firewall
?,shockwave
?,earthquake
?,blind
?,clone
?,cone
?,line
?,circle
?,radius
?,duration
?,cost
?,usage
?,stack
?,channel
?,passive
?,active
?,toggle
?,scatter
?,pierce
?,penetrate
?,resurrect
?,energy
?,knockback
?,targeted
?,skillshot
?,casttime
?,range
?,sustain
?,shieldbreak
?,armorpen
?,magicpen
?,lifesteal
?,spellvamp
?,gapcloser
?,displacement
?,empower
?,damageoverTime
?,channeling
?,teleportation
?,reflect
?,absorb
?,regen
?,manaregen
?,cooldownreduction
?,tempest
?,thunderclash
?,feuer
?,erde
?,luft
?,himmel
?,wolke
?,wind
?,blitz
?,schrift
?,lernen
?,liebe
?,freude
?,olive
?,zitrone
?,orange
?,apfelsine
?,mandarine
?,kirsche
?,erdbeere
?,himbeere
?,blaubeere
?,traube
?,melone
?,ananas
?,kiwi
?,pfirsich
?,aprikose
?,birne
?,pflaume
?,honig
?,zucker
?,salz
?,mayonnaise
?,ketchup
?,suppe
?,brühe
?,salami
?,schinken
?,wurst
?,speck
?,tofu
?,sojasauce
?,reiswein
?,nudelsuppe
?,schnitzel
?,pizza
?,burger
?,sandwich
?,kuh
?,gans
?,ratte
?,kaninchen
?,hamster
?,arcane
?,powder
?,erfinder
?,technologie
?,feindschaft
?,schwester
?,schwestern
?,zwillinge
?,vergangenheit
?,trauma
?,kampf
?,untergrund
?,großstadt
?,maschine
?,roboter
?,schmuggel
?,gang
?,bande
?,polizei
?,detektiv
?,verschwoerung
?,maechte
?,technomagie
?,wissenschaft
?,experiment
?,koerper
?,gehirn
?,drohne
?,labor
?,forschung
?,bürger
?,arbeit
?,armut
?,reichtum
?,gesellschaft
?,überwachung
?,spionage
?,geheimdienst
?,verbündete
?,zerbrochen
?,heilung
?,verlust
?,erinnerung
?,rache
?,traeume
?,wunsch
?,verzweiflung
?,veraenderung
?,wachstum
?,entwicklung
?,kraft
?,übernatürlich
?,geheimnisvoll
?,licht
?,stahl
?,stadtviertel
?,magnetismus
?,energiequelle
?,entscheidung
?,kampfkunst
?,planung
?,gefecht
?,einheit
?,staerke
?,willenskraft
?,leidenschaft
?,deadbydaylight
?,killer
?,ueberlebender
?,haken
?,flucht
?,generator
?,reparatur
?,jaeger
?,terror
?,mord
?,gefahr
?,verfolgung
?,schrei
?,fluechten
?,rettung
?,zusammenarbeit
?,fang
?,blut
?,spuren
?,kette
?,messer
?,messerwurf
?,geraeusch
?,herzschlag
?,spannung
?,adrenalin
?,stamina
?,medizin
?,heilkit
?,verband
?,verbandskasten
?,verkrueppelung
?,schmerz
?,panik
?,fluchtweg
?,safehouse
?,hakenrettung
?,bloodpoints
?,aufstieg
?,stufe
?,match
?,gefaehrlich
?,nachtlicht
?,zeitlimit
?,sprint
?,fall
?,sturz
?,schaden
?,hammer
?,knochenbrecher
?,blutspur
?,schrecken
?,tauchen
?,springer
?,treffer
?,verfolgungsjagd
?,versteckspiel
?,schatten
?,hinterhalt
?,zeitdruck
?,nerven
?,stress
?,fluchtpunkt
?,geraet
?,lichtkegel
?,alarm
?,terrorzone
?,dunkelheit
?,gefängnis
?,fessel
?,trapper
?,wraith
?,nurse
?,huntress
?,doctor
?,hillbilly
?,shape
?,hag
?,pig
?,clown
?,spirit
?,legion
?,plague
?,blight
?,twins
?,cenobite
?,artist
?,ratking
?,deathslinger
?,executioner
?,bloodwarden
?,onryo
?,dredge
?,mastermind
?,cannibal
?,nemesis
?,adrenaline
?,agitation
?,alert
?,assurance
?,autodidact
?,distortion
?,diversion
?,dancewithme
?,dullahan
?,enduring
?,fireup
?,hexruin
?,hope
?,houndstooth
?,hyperfocus
?,iconofdeath
?,illuminate
?,impenetrable
?,knockout
?,lithe
?,luckystreak
?,madgrit
?,memento
?,opportunist
?,overcharge
?,predator
?,premonition
?,puppeteer
?,quickescape
?,reassurance
?,redherring
?,resilience
?,resurgence
?,saboteur
?,tenacity
?,technician
?,tinkerer
?,vigil
?,vindictive
?,visionary
?,kinderserie
?,zeichentrick
?,folge
?,staffel
?,geschichten
?,tierfreund
?,wunderland
?,traumwelt
?,spass
?,lustig
?,lehrreich
?,lied
?,tanz
?,tanzen
?,farbenfroh
?,fantasie
?,figur
?,heldengruppe
?,gemeinschaft
?,spielen
?,spielzeug
?,hilfsbereit
?,neugierig
?,entdecken
?,zauberstab
?,feen
?,fee
?,drachen
?,monster
?,pirat
?,prinzessin
?,ritter
?,superheld
?,verstehen
?,respekt
?,tier
?,mama
?,papa
?,geschwister
?,bruder
?,spielplatz
?,ball
?,rennen
?,verstecken
?,malen
?,basteln
?,zeichnen
?,farben
?,kino
?,fernsehen
?,serie
?,lachen
?,träumen
?,geduld
?,aufmerksamkeit
?,kreativ
?,mutig
?,ehrlich
?,freundlich
?,nett
?,lol
?,eins
?,zwei
?,drei
?,vier
?,sechs
?,sieben
?,acht
?,neun
?,null
?,one
?,two
?,three
?,four
?,five
?,six
?,seven
?,eight
?,nine
?,ten
?,zehn
?,zero
?,Rokrund
?,nashor
?,soul
?,isaac
?,Alex
?,Elliott
?,Harvey
?,Sam
?,Sebastian
?,Shane
?,Abigail
?,Emily
?,Haley
?,Leah
?,Maru
?,Penny
?,Caroline
?,clint
?,Demetrius
?,Dwarf
?,Evelyn
?,George
?,Gus
?,Jas
?,Jodi
?,Kent
?,Krobus
?,Leo
?,Lewis
?,Linus
?,Marnie
?,Pam
?,Pierre
?,Robin
?,Sandy
?,Vincent
?,Willy
?,Wizard
?,perkz
?,Reignover
?,huni
?,Febiven
?,rekkles
?,caedrel
?,Origen
?,Fnactic
?,sOAZ
?,Expect
?,Bwipo
?,Adam
?,Nisqy
?,Wunder
?,Upset
?,Noah
?,Hylissang
?,Yike
?,Mikyx
?,Targamas
?,jankos
?,Flakked
?,Thebaus
?,promisq
?,Trick
?,Kikis
?,Razork
?,Gilius
?,Larssen
?,inSec
?,Alphari
?,splyce
?,Humanoid
?,Vizicsacsi
?,Kobbe
?,Vetheo
?,Zeus
?,Crisp
?,Wei
?,Theshy
?,gala
?,rookie
?,oner
?,guma
?,Gumayusi
?,keria
?,peanut
?,zeka
?,viper
?,delight
?,kiin
?,canyon
?,chovy
?,ruler
?,duro
?,siwoo
?,lucid
?,showmaker
?,aiming
?,beryl
?,kingen
?,Oscarinin
?,poby
?,canna
?,vladi
?,caliste
?,brokenblade
?,skewmond
?,HansSama
?,labrov
?,Myrwn
?,Elyoya
?,Jojopyun
?,Supa
?,alvaro
?,doublelift
?,uzi
?,deft
?,knight
?,tian
?,meiko
?,jackeylove
?,zoom
?,bin
?,lehends
?,karsa
?,smlz
?,mlxg
?,clearlove
?,yellowstar
?,hyllisang
?,yankos
?,nuguri
?,doinb
?,tarzan
?,scout
?,igrookie
?,lyper
?,impact
?,smeb
?,mata
?,pray
?,gorillA
?,ambition
?,corejj
?,naehyun
?,darde
?,aphromoo
?,sneaky
?,zven
?,mithy
?,spica
?,bjergsen
?,poe
?,wildturtle
?,xmithie
?,licorice
?,blaber
?,fudge
?,inspir
?,closer
?,jojo
?,emenz
?,hauntzer
?,darshan
?,keith
?,ray
?,altec
?,rush
?,arrow
?,crown
?,fly
?,bdd
?,life
?,rascal
?,clid
?,haru
supp blg,on
?,shun
?,yagao
?,fofo
?,angel
?,xun
?,kanavi
?,cuzz
?,nukeduck
?,odoamne
pro player,comp
?,trimby
?,marcoon
?,kaiser
?,carzzy
?,irrelevant
?,szygenda
?,crownie
?,Kevin
?,Phillip
?,Matze
?,Pixo
?,Maxi
?,Xorn
?,Leon
?,Muffin
?,Masuro
?,woolite
?,rouge
?,selfmade
?,aa
?,an
?,ff
?,gg
?,hi
?,jo
?,ko
?,ss
?,ln
?,mr
?,as
?,ms
?,no
?,qq
?,rt
?,ty
?,uv
?,ww
?,xx
?,yo
?,zz
?,ki
?,go
?,wow
?,dmg
?,ratio
?,nehmen
?,flehen
?,ramen
?,pushen
?,league
?,of
?,legends
?,speed
?,missle
?,schach
?,chess
?,Avengerang
?,Comeuppance
?,Pulverize
?,Headbutt
?,Trample
?,Repudiation
?,Lacerate
?,Despair
?,Tantrum
?,Rebirth
?,Crystallize
?,frostbite
?,Pyromania
?,Disintegrate
?,Incinerate
?,Volley
?,Hawkshot
?,Singularity
?,Arise
?,Overdrive
?,Sear
?,Conflagration
?,Pyroclasm
?,Unbreakable
?,Hookshot
?,Miasma
?,Carnivore
?,Rupture
?,Feast
?,Valkyrie
?,Hemorrhage
?,Decimate
?,Apprehend
?,Moonfall
?,Timewinder
?,Chronobreak
?,Cocoon
?,Terrify
?,Reap
?,Crowstorm
?,Lunge
?,Riposte
?,Bladework
?,Playful
?,Trickster
?,Parrrley
?,serpents
?,Perseverance
?,Courage
?,Judgment
?,Hyper
?,hop
?,Quickdraw
?,Needlework
?,Warpath
?,Rampage
?,Bladesurge
?,Rootcaller
?,Brushmaker
?,Triggerseed
?,Daisy
?,Tailwind
?,Zephyr
?,Monsoon
?,Cataclysm
?,Whisper
?,Switcheroo
?,Zap
?,Footwork
?,Supercharge
?,Sentinel
?,Rend
?,Inspire
?,Defile
?,Requiem
?,Riftwalk
?,Voracity
?,Preparation
?,Shunpo
?,Leap
?,evolved
?,evolve
?,Jousting
?,Chaaaaaaaarge
?,Chaaarge
?,Mimic
?,Flurry
?,Safeguard
?,Sunlight
?,Eclipse
?,Swirlseed
?,Lightslinger
?,Glitterlance
?,Whimsy
?,Illumination
?,Thunderclap
?,Meditate
?,Highlander
?,Rebuttal
?,Strut
?,Obliterate
?,Indestructible
?,Eviscerate
?,Wither
?,Riptide
?,Shapesplitter
?,Prowl
?,Bushwhack
?,Slipstream
?,Apotheosis
?,Duskbringer
?,Paranoia
?,Consume
?,Undertow
?,Ragnarok
?,Terrashape
?,Audacity
?,Harrier
?,Vault
?,Skystrike
?,Powerball
?,Burrow
?,Leverage
?,Handshake
?,Bailout
?,Slice
?,dice
?,Dominus
?,Savagery
?,Valor
?,Flamespitter
?,Overload
?,Flair
?,Permafrost
?,Absolution
?,Encore
?,Haymaker
?,Facebreaker
?,Backstab
?,Deceive
?,Hallucinate
?,Burnout
?,Fling
?,Ricochet
?,Upheaval
?,Impale
?,Achooo
?,MMOOMMM
?,Crescendo
?,Salvation
?,Starcall
?,Equinox
?,Wish
?,Nevermove
?,Demonflare
?,Kingslayer
?,Abscond
?,Hijack
?,Transcendent
?,Devour
?,Regurgitate
?,Rake
?,Bravado
?,Bastion
?,Dazzle
?,Damnation
?,Chomp
?,Flay
?,Subjugate
?,Bloodlust
?,Ambush
?,Contaminate
?,ratatat
?,Purge
?,Disdain
?,Tumble
?,Condemn
?,Heartbreaker
?,Transfusion
?,Hemoplague
?,Stormbringer
?,Cyclone
?,Bladecaller
?,Featherstorm
?,Arcanopulse
?,Determination
?,guard
?,Zoomies
?,mega
?,inferno
?,Rewind
?,Chronoshift
?,mystic
?,shot
?,grasping
?,roots
?,Stranglethorns
?,maiden
?,magical
?,Journey
?,cosmic
?,binding
?,Ardent
?,Culling
?,ice
?,frozen
?,tomb
?,curtain
?,call
?,skaarl
?,willump
?,darkin
?,blade
?,infernal
?,chains
?,world
?,ender
?,poros
?,follower
?,lor
?,card
?,unit
?,spell
?,landmark
?,fast
?,yeti
?,attach
?,attune
?,augment
?,brash
?,challenger
?,deathless
?,elusive
?,fated
?,fearsome
?,formidable
?,fury
?,hallowed
?,lebensraub
?,lurk
?,overwhelm
?,quick
?,attack
?,regeneration
?,spellshield
?,sharpsight
?,tough
?,ephermal
?,curse
?,fleeting
?,gloom
?,vulnerable
?,immobile
?,battle
?,battles
?,fox
?,foxes
?,fire
?,perfect
?,execution
?,will
?,tibbers
?,twofolf
?,hex
?,surge
stay behind...,me
?,petrifying
?,gaze
?,gatling
?,spinning
?,axe
?,last
?,caress
?,essence
?,flux
?,shift
?,trueshot
?,barrage
?,keg
?,final
?,spark
?,glacial
?,prison
Command: ,Dissonance
Command: ,Protect
?,Sky
?,Splitter
?,mist
?,Lay
?,Waste
?,triumph
?,precision
?,domination
?,sorcery
?,resolve
?,inspiration
press the attack,pta
?,lethal
?,tempo
?,fleet
?,Conqueror
Presence of ,Mind
Legend: ,Alacrity
Legend: ,Haste
Legend: ,Bloodline
Coup de ,Grace
?,Down
?,Stand
?,Electrocute
?,Harvest
Hail of ,Blades
?,Cheap
?,Sudden
?,Sixth
?,Sense
?,Grisly
?,Mementos
... Hunter,Treasure
... Hunter,Relentless
?,aery
?,comet
?,phase
?,Axiom
?,arcanist
?,Manaflow
?,Band
?,Nimbus
?,Transcendence
?,Celerity
?,Absolute
?,Focus
?,Scorch
?,Waterwalking
?,Gathering
?,Storm
?,grasp
?,Aftershock
?,Demolish
?,Bash
?,Conditioning
?,Second
?,Bone
?,Plating
?,Overgrowth
?,Revitalize
?,Unflinching
?,Unsealed
?,Spellbook
?,First
?,Strike
?,Flashtraption
?,Footwear
?,Cash
?,Back
?,Triple
?,Tonic
?,Biscuit
?,Delivery
?,Insight
?,Approach
?,Velocity
?,resist
?,stopwatch
?,Short
?,Fuse
river,Silverrun 
river,Renek
river,serpentine
river,pilt
?,kench
?,Divine
?,Celestial
?,Blessing
?,Starfire
?,Spellblade
?,Solar
?,Golden
?,Reaping
?,Slash
?,Shadow
?,Step
?,Umbral
?,Trespass
?,Electrical
?,Lightning
?,Slicing
?,Maelstrom
?,Unseen
?,Threat
?,Mounting
?,Dread
?,Caustic
?,Spittle
?,Ooze
?,Living
?,Artillery
?,Surging
?,Tides
?,Aqua
?,Tidal
?,Wave
?,Eater
?,Siphoning
?,ancient
?,Staggering
?,Blow
?,Depth
?,Blooming
?,Pop
?,Blossom
?,Javelin
?,Toss
?,Primal
?,Joy
?,Unending
?,Formless
?,Jubilant
?,Veil
?,Umbra
?,Unspeakable
?,Snowball
?,epic
?,rare
?,common
?,beekeeper
?,surfer
?,Dunkin
?,Nagaak
?,Buhru
?,Avarosa
?,Serylda
?,spatula
?,ruination
?,spellthief
?,armadillo
?,meeps
?,meep
lol lore,semchul
lol lore,Axiomata
lol lore,Aliay
lol Lore,Rygann
?,valoran
?,hexdrinker
?,tft
?,fluffball
?,dagger
?,Surrendering
?,tear
?,alune
?,flandre
?,shanks
?,kael
?,elk
?,necrit
?,HandOFblood
?,powerofevil
?,cull
?,bowser
?,google
?,bib
?,berlin
?,tokyo
?,namibia
?,dominion
?,twisted
?,treeline
?,Lightshield
bodyguard of jarvan iii,tianna
wife of jarvan iii,Catherine 
wife of jarvan iii,Spiritmight
?,blg
?,al
?,fnc
?,koi
?,geng
?,hle
?,cfo
?,flyquest
?,gam
?,ig
?,dunk
?,reg
?,sidelane
?,splitten
?,forfeit
?,opera
?,dog
?,cat
?,kutcher
?,karni
?,broeki
?,thunny
?,sola
?,maxim
?,tolkin
?,vedius
?,skjoz
?,barrel
?,pikachu
?,bisasam
?,bisa
?,heuler
?,onix
?,misty
?,ash
?,Ketchum
?,Rocko
?,banned
?,nifum
?,shiggy
?,glumanda
?,glurak
?,liandrys
kumpel von jimmy neutron,sheen
arcane hersteller,fortiche
?,violet
?,silco
?,sevika
?,vander
?,claggor
?,maddie
?,mylo
missfortuen pistols,ave
?,merdada
?,kiramman
?,talis
?,reveck
?,corin
?,bolbok
?,cassandra
?,chross
?,elora
?,finn
?,isha
?,marcus
?,margot
?,rictus
?,smeech
?,tobias
?,cinder
?,silver
?,emerald
?,noobs
?,grandmaster
?,eisen
?,diamant
?,Norra
?,bastighg
?,deutschland
?,suedkorea
?,LCK
?,LCS
?,china
?,lpl
?,pros
?,fountain
?,net
?,fountains
?,pull
?,pulls
?,hit
?,hits
?,dodge
?,dodges
?,sidestep
?,sidesteps
?,leaver
?,pew
?,shop
?,boots
?,steelcaps
?,plated
?,king
?,queen
?,pawn
?,bauer
?,bishop
?,lauefer
?,rook
?,aids
?,cancer
?,aram
?,abyss
?,canon
?,canons
?,lolalytics
?,leg
?,legs
?,ranged
?,champs
?,champ
?,spirits
?,soloQ
?,duoQ
?,solo
?,duo
?,pentakill
?,doublekill
?,triplekill
?,quadrakill
?,penta
?,quadra
?,stone
?,season
?,yordle
?,troll
?,Ixaocan
?,Yunalai
?,Qiqi
?,Ohmlatl
?,Inessa
?,Mara
?,nobility
?,Chiuqeslan
?,Bayal
?,augments
?,malik
?,raven
?,vesani
?,warden
?,enforcer
?,exalted
?,chest
?,peaker
?,elohell
?,lowelo
?,highelo
?,yiril
?,phil
?,jonas
?,felix
?,playingGulls
?,pg
?,gulls
?,gull
?,destructorius
?,destro
?,destru
?,fl
?,tl
?,gx
?,kc
?,mkoi
?,sk
?,bds
?,th
?,vit
?,edg
?,fpx
?,jdg
?,guardrails
?,drx
?,fearx
?,diable
?,clozer
?,kellin
?,clear
?,stomp
?,stompen
?,fifteen
?,early
?,late
?,mejias
?,soulstealer
?,steal
?,huge
?,lost
?,observer
?,watchers
?,watcher
?,garrison
?,stifle
?,flee
?,surge
?,backtrack
?,fortify
?,rally
?,promote
?,Clairvoyance
?,blasting
?,Scavenging
?,Challenging
?,Chilling
?,vanish
?,Interference
?,Castle
?,Resuscitate
?,warp
?,crimson
?,naruto
?,ruffy
?,backport
?,port
?,only
?,unicorn
?,blocked
?,msi
?,worlds
?,winner